;;CV. UNTUNG BESAR BERSAMA;;;;;;;;
;;Kuantitas Barang per Gudang;;;;;;;;
;;Per Tgl. 19 Jan 2026;;;;;;;;
;;"Cabang : [Semua Cabang], Gudang : Warehouse Jakarta, Warehouse Pusat, Warehouse Bali Gatsu-Box, Warehouse Bali Gatsu-Protol,  ...";;;;;;;;
Nama Barang;;;Kode Barang;Warehouse Bali Gatsu-Box;Warehouse Bali Gatsu-Protol;Warehouse Jakarta;Warehouse Pusat;Warehouse Pusat Reject;Total Nama Gudang;
"BABY BATMAN 1, 23/24, BLUE";;;Z2BT01Z24;"0,";"0,";"0,";"0,";"0,";"0,";
"BABY BATMAN 1, 25/26, BLUE";;;Z2BT01Z26;"0,";"0,";"0,";"0,";"0,";"0,";
"BABY BATMAN 2, 23/24, YELLOW";;;Z2BT02Z24;"0,";"0,";"0,";"0,";"0,";"0,";
"BABY BATMAN 2, 25/26, YELLOW";;;Z2BT02Z26;"0,";"0,";"0,";"0,";"0,";"0,";
"BABY BOYS CLASSIC 1, 21/22, STEEL BLUE";;;Z2CA01Z21;"0,";"0,";"0,";"0,";"0,";"0,";
"BABY BOYS CLASSIC 1, 23/24, STEEL BLUE";;;Z2CA01Z23;"0,";"0,";"0,";"0,";"0,";"0,";
"BABY BOYS CLASSIC 1, 25/26, STEEL BLUE";;;Z2CA01Z25;"0,";"0,";"0,";"0,";"0,";"0,";
"BABY BOYS CLASSIC 2, 21/22, HAZELNUT";;;Z2CA02Z21;"0,";"0,";"0,";"0,";"0,";"0,";
"BABY BOYS CLASSIC 2, 23/24, HAZELNUT";;;Z2CA02Z23;"0,";"0,";"0,";"0,";"0,";"0,";
"BABY BOYS CLASSIC 2, 25/26, HAZELNUT";;;Z2CA02Z25;"0,";"0,";"0,";"0,";"0,";"0,";
"BABY BOYS COLLAB 1, 21/22, DISNEY MICKEY BLACK";;;Z2CL01Z21;"0,";"0,";"0,";"0,";"0,";"0,";
"BABY BOYS COLLAB 1, 23/24, DISNEY MICKEY BLACK";;;Z2CL01Z23;"0,";"0,";"0,";"0,";"0,";"0,";
"BABY BOYS COLLAB 1, 25/26, DISNEY MICKEY BLACK";;;Z2CL01Z25;"0,";"0,";"0,";"0,";"0,";"0,";
"BABY BOYS COLLAB 2, 21/22, DISNEY MICKEY & FRIENDS BLUE";;;Z2MF02Z21;"0,";"0,";"0,";"0,";"0,";"0,";
"BABY BOYS COLLAB 2, 23/24, DISNEY MICKEY & FRIENDS BLUE";;;Z2MF02Z23;"0,";"0,";"0,";"0,";"0,";"0,";
"BABY BOYS COLLAB 2, 24, DISNEY MICKEY & FRIENDS BLUE";;;Z1MF02Z24;"0,";"0,";"0,";"0,";"0,";"0,";
"BABY BOYS COLLAB 2, 25/26, DISNEY MICKEY & FRIENDS BLUE";;;Z2MF02Z25;"0,";"0,";"0,";"0,";"0,";"0,";
"BABY BOYS COLLAB 3, 21/22, DISNEY MICKEY & FRIENDS BROWN";;;Z2MF03Z22;"34,";"0,";"0,";"0,";"4,";"38,";
"BABY BOYS COLLAB 3, 22, DISNEY MICKEY & FRIENDS BROWN";;;Z1MF03Z22;"0,";"0,";"0,";"0,";"0,";"0,";
"BABY BOYS COLLAB 3, 23, DISNEY MICKEY & FRIENDS BROWN";;;Z1MF03Z23;"0,";"0,";"0,";"0,";"0,";"0,";
"BABY BOYS COLLAB 3, 23/24, DISNEY MICKEY & FRIENDS BROWN";;;Z2MF03Z24;"45,";"0,";"0,";"0,";"5,";"50,";
"BABY BOYS COLLAB 3, 24, DISNEY MICKEY & FRIENDS BROWN";;;Z1MF03Z24;"0,";"0,";"0,";"0,";"0,";"0,";
"BABY BOYS COLLAB 3, 25, DISNEY MICKEY & FRIENDS BROWN";;;Z1MF03Z25;"0,";"0,";"0,";"0,";"0,";"0,";
"BABY BOYS COLLAB 3, 25/26, DISNEY MICKEY & FRIENDS BROWN";;;Z2MF03Z26;"29,";"0,";"0,";"0,";"1,";"30,";
"BABY BOYS TOY STORY 1,21/22, BROWN";;;Z2TS01Z22;"0,";"0,";"0,";"0,";"0,";"0,";
"BABY BOYS TOY STORY 1,23/24, BROWN";;;Z2TS01Z24;"0,";"0,";"0,";"0,";"0,";"0,";
"BABY BOYS TOY STORY 1,25/26, BROWN";;;Z2TS01Z26;"0,";"0,";"0,";"0,";"0,";"0,";
"BABY BOYS TOY STORY 2,21/22, BLUE";;;Z2TS02Z22;"0,";"0,";"0,";"0,";"0,";"0,";
"BABY BOYS TOY STORY 2,23/24, BLUE";;;Z2TS02Z24;"0,";"0,";"0,";"0,";"0,";"0,";
"BABY BOYS TOY STORY 2,25/26, BLUE";;;Z2TS02Z26;"0,";"0,";"0,";"0,";"0,";"0,";
"BABY BOYS TOY STORY 3,21/22, GREEN";;;Z2TS03Z22;"0,";"0,";"0,";"0,";"0,";"0,";
"BABY BOYS TOY STORY 3,23/24, GREEN";;;Z2TS03Z24;"0,";"0,";"0,";"0,";"0,";"0,";
"BABY BOYS TOY STORY 3,25/26, GREEN";;;Z2TS03Z26;"0,";"0,";"0,";"0,";"0,";"0,";
"BABY CLASSIC 4, 21/22, NAVY";;;Z2CA04Z22;"0,";"0,";"0,";"0,";"0,";"0,";
;;;Z2CAV104Z22;"0,";"0,";"0,";"0,";"0,";"0,";
"BABY CLASSIC 4, 23/24, NAVY";;;Z2CA04Z24;"0,";"0,";"0,";"0,";"0,";"0,";
;;;Z2CAV104Z24;"0,";"0,";"0,";"0,";"0,";"0,";
"BABY CLASSIC 4, 25/26, NAVY";;;Z2CA04Z26;"0,";"0,";"0,";"0,";"0,";"0,";
;;;Z2CAV104Z26;"0,";"0,";"0,";"0,";"0,";"0,";
"BABY CLASSIC 5, 21/22, COFFEE";;;Z2CA05Z22;"0,";"0,";"0,";"0,";"0,";"0,";
"BABY CLASSIC 5, 23/24, COFFEE";;;Z2CA05Z24;"0,";"0,";"0,";"0,";"0,";"0,";
"BABY CLASSIC 5, 25/26, COFFEE";;;Z2CA05Z26;"0,";"0,";"0,";"0,";"0,";"0,";
"BABY CLASSIC 6, 21/22, GREY";;;Z2CA06Z22;"0,";"0,";"0,";"0,";"0,";"0,";
"BABY CLASSIC 6, 23/24, GREY";;;Z2CA06Z24;"0,";"0,";"0,";"0,";"0,";"0,";
"BABY CLASSIC 6, 25/26, GREY";;;Z2CA06Z26;"0,";"0,";"0,";"0,";"0,";"0,";
"BABY CLASSIC 7, 21/22, HONEY GINGER";;;Z2CA07Z22;"0,";"0,";"0,";"0,";"0,";"0,";
"BABY CLASSIC 7, 23/24, HONEY GINGER";;;Z2CA07Z24;"0,";"0,";"0,";"0,";"0,";"0,";
"BABY CLASSIC 7, 25/26, HONEY GINGER";;;Z2CA07Z26;"0,";"0,";"0,";"0,";"0,";"0,";
"BABY CLASSIC 8, 21/22, NUDE";;;Z2CA08Z22;"0,";"0,";"0,";"0,";"0,";"0,";
"BABY CLASSIC 8, 23/24, NUDE";;;Z2CA08Z24;"0,";"0,";"0,";"0,";"0,";"0,";
"BABY CLASSIC 8, 25/26, NUDE";;;Z2CA08Z26;"0,";"0,";"0,";"0,";"0,";"0,";
"BABY CLASSIC 9, 21/22, SAGE";;;Z2CA09Z22;"0,";"0,";"0,";"0,";"0,";"0,";
"BABY CLASSIC 9, 23/24, SAGE";;;Z2CA09Z24;"0,";"0,";"0,";"0,";"0,";"0,";
"BABY CLASSIC 9, 25/26, SAGE";;;Z2CA09Z26;"0,";"0,";"0,";"0,";"0,";"0,";
"BABY DISNEY MICKEY 1, 21/22, RED";;;Z2DM01Z22;"0,";"0,";"0,";"0,";"0,";"0,";
"BABY DISNEY MICKEY 1, 23/24, RED";;;Z2DM01Z24;"0,";"0,";"0,";"0,";"0,";"0,";
"BABY DISNEY MICKEY 1, 25/26, RED";;;Z2DM01Z26;"0,";"0,";"0,";"0,";"0,";"0,";
"BABY DISNEY MICKEY 2, 21/22, NAVY";;;Z2DM02Z22;"0,";"0,";"0,";"0,";"0,";"0,";
"BABY DISNEY MICKEY 2, 23/24, NAVY";;;Z2DM02Z24;"0,";"0,";"0,";"0,";"0,";"0,";
"BABY DISNEY MICKEY 2, 25/26, NAVY";;;Z2DM02Z26;"0,";"0,";"0,";"0,";"0,";"0,";
"BABY DISNEY MINNIE 1, 21/22 LAVENDER";;;Z2DI01Z22;"0,";"0,";"0,";"0,";"0,";"0,";
"BABY DISNEY MINNIE 1, 23/24 LAVENDER";;;Z2DI01Z24;"0,";"0,";"0,";"0,";"0,";"0,";
"BABY DISNEY MINNIE 1, 25/26 LAVENDER";;;Z2DI01Z26;"0,";"0,";"0,";"0,";"0,";"0,";
"BABY DISNEY MINNIE 2, 21/22 BLUSH NUDE";;;Z2DI02Z22;"0,";"0,";"0,";"0,";"0,";"0,";
"BABY DISNEY MINNIE 2, 23/24 BLUSH NUDE";;;Z2DI02Z24;"0,";"0,";"0,";"0,";"0,";"0,";
"BABY DISNEY MINNIE 2, 25/26 BLUSH NUDE";;;Z2DI02Z26;"0,";"0,";"0,";"0,";"0,";"0,";
"BABY GIRLS CLASSIC 3, 21/22, CANDY PINK";;;Z2CA03Z21;"0,";"0,";"0,";"0,";"0,";"0,";
"BABY GIRLS CLASSIC 3, 23/24, CANDY PINK";;;Z2CA03Z23;"0,";"0,";"0,";"0,";"0,";"0,";
"BABY GIRLS CLASSIC 3, 25/26, CANDY PINK";;;Z2CA03Z25;"0,";"0,";"0,";"0,";"0,";"0,";
"BABY GIRLS COLLAB 1, 21/22, DISNEY MICKEY & FRIENDS PINK";;;Z2MF01Z21;"0,";"0,";"0,";"0,";"0,";"0,";
"BABY GIRLS COLLAB 1, 21/22, PINK";;;Z2GC01Z21;"0,";"0,";"0,";"0,";"0,";"0,";
"BABY GIRLS COLLAB 1, 23/24, DISNEY MICKEY & FRIENDS PINK";;;Z2MF01Z23;"0,";"0,";"0,";"0,";"0,";"0,";
"BABY GIRLS COLLAB 1, 23/24, PINK";;;Z2GC01Z23;"0,";"0,";"0,";"0,";"0,";"0,";
"BABY GIRLS COLLAB 1, 25/26, DISNEY MICKEY & FRIENDS PINK";;;Z2MF01Z25;"0,";"0,";"0,";"0,";"0,";"0,";
"BABY GIRLS COLLAB 1, 25/26, PINK";;;Z2GC01Z25;"0,";"0,";"0,";"0,";"0,";"0,";
"BABY GIRLS PRINCESS ARIEL 3, 21/22, GREEN";;;Z2PS03Z22;"71,";"0,";"0,";"0,";"15,";"86,";
"BABY GIRLS PRINCESS ARIEL 3, 23/24, GREEN";;;Z2PS03Z24;"70,";"0,";"0,";"0,";"15,";"85,";
"BABY GIRLS PRINCESS ARIEL 3, 25/26, GREEN";;;Z2PS03Z26;"27,";"0,";"0,";"0,";"0,";"27,";
"BABY GIRLS PRINCESS BELLE 2, 21/22, YELLOW";;;Z2PS02Z22;"0,";"0,";"0,";"0,";"0,";"0,";
"BABY GIRLS PRINCESS BELLE 2, 23/24, YELLOW";;;Z2PS02Z24;"0,";"0,";"0,";"0,";"0,";"0,";
"BABY GIRLS PRINCESS BELLE 2, 25/26, YELLOW";;;Z2PS02Z26;"0,";"0,";"0,";"0,";"0,";"0,";
"BABY GIRLS PRINCESS CINDERELLA 4, 21/22, BLUE";;;Z2PS04Z22;"0,";"0,";"0,";"0,";"0,";"0,";
"BABY GIRLS PRINCESS CINDERELLA 4, 23/24, BLUE";;;Z2PS04Z24;"0,";"0,";"0,";"0,";"0,";"0,";
"BABY GIRLS PRINCESS CINDERELLA 4, 25/26, BLUE";;;Z2PS04Z26;"0,";"0,";"0,";"0,";"0,";"0,";
"BABY GIRLS PRINCESS SNOW WHITE 1, 21/22, RED";;;Z2PS01Z22;"125,";"0,";"0,";"0,";"0,";"125,";
"BABY GIRLS PRINCESS SNOW WHITE 1, 23/24, RED";;;Z2PS01Z24;"125,";"0,";"0,";"0,";"0,";"125,";
"BABY GIRLS PRINCESS SNOW WHITE 1, 25/26, RED";;;Z2PS01Z26;"50,";"0,";"0,";"0,";"0,";"50,";
"BABY UNI COLLAB WBB 1, 21/22, BLUE NAVY";;;Z2WB01Z21;"0,";"0,";"0,";"0,";"0,";"0,";
"BABY UNI COLLAB WBB 1, 22, BLUE NAVY";;;BB3BZ22CL3;"0,";"0,";"0,";"0,";"0,";"0,";
"BABY UNI COLLAB WBB 1, 23, BLUE NAVY";;;BB3BZ23CL3;"0,";"0,";"0,";"0,";"0,";"0,";
"BABY UNI COLLAB WBB 1, 23/24, BLUE NAVY";;;Z2WB01Z23;"0,";"0,";"0,";"0,";"0,";"0,";
"BABY UNI COLLAB WBB 1, 24, BLUE NAVY";;;BB3BZ24CL3;"0,";"0,";"0,";"0,";"0,";"0,";
"BABY UNI COLLAB WBB 1, 25, BLUE NAVY";;;BB3BZ25CL3;"0,";"0,";"0,";"0,";"0,";"0,";
"BABY UNI COLLAB WBB 1, 25/26, BLUE NAVY";;;Z2WB01Z25;"0,";"0,";"0,";"0,";"0,";"0,";
"BABY UNI COLLAB WBB 2, 21/22, GREY NAVY";;;Z2WB02Z21;"0,";"0,";"0,";"0,";"0,";"0,";
"BABY UNI COLLAB WBB 2, 23/24, GREY NAVY";;;Z2WB02Z23;"0,";"0,";"0,";"0,";"0,";"0,";
"BABY UNI COLLAB WBB 2, 25/26, GREY NAVY";;;Z2WB02Z25;"0,";"0,";"0,";"0,";"0,";"0,";
"BOYS CLASSIC 1, 29/30, BLACK";;;B2CA01Z30;"0,";"0,";"0,";"0,";"0,";"0,";
"BOYS CLASSIC 1, 31/32, BLACK";;;B2CA01Z32;"0,";"0,";"0,";"0,";"0,";"0,";
"BOYS CLASSIC 1, 33/34, BLACK";;;B2CA01Z34;"0,";"0,";"0,";"0,";"0,";"0,";
"BOYS CLASSIC 2, 29/30, NAVY";;;B2CA02Z30;"0,";"0,";"0,";"0,";"0,";"0,";
"BOYS CLASSIC 2, 31/32, NAVY";;;B2CA02Z32;"0,";"0,";"0,";"0,";"0,";"0,";
"BOYS CLASSIC 2, 33/34, NAVY";;;B2CA02Z34;"0,";"0,";"0,";"0,";"0,";"0,";
"BOYS CLASSIC 3, 29/30, ARMY";;;B2CA03Z30;"0,";"0,";"0,";"0,";"0,";"0,";
;;;B2CAV303Z30;"0,";"0,";"0,";"0,";"0,";"0,";
"BOYS CLASSIC 3, 31/32, ARMY";;;B2CA03Z32;"0,";"0,";"0,";"0,";"0,";"0,";
;;;B2CAV303Z32;"0,";"0,";"0,";"0,";"0,";"0,";
"BOYS CLASSIC 3, 33/34, ARMY";;;B2CA03Z34;"0,";"0,";"0,";"0,";"0,";"0,";
;;;B2CAV303Z34;"0,";"0,";"0,";"0,";"0,";"0,";
"BOYS COLLAB 10, 29/30 DISNEY MICKEY LAVA";;;B2CL10Z29;"0,";"0,";"0,";"0,";"0,";"0,";
"BOYS COLLAB 10, 31/32 DISNEY MICKEY LAVA";;;B2CL10Z31;"0,";"0,";"0,";"0,";"0,";"0,";
"BOYS COLLAB 10, 33/34 DISNEY MICKEY LAVA";;;B2CL10Z33;"0,";"0,";"0,";"0,";"0,";"0,";
"BOYS COLLAB 11, 29/30 DISNEY MICKEY DOVE";;;B2CL11Z29;"0,";"0,";"0,";"0,";"0,";"0,";
"BOYS COLLAB 11, 31/32 DISNEY MICKEY DOVE";;;B2CL11Z31;"0,";"0,";"0,";"0,";"0,";"0,";
"BOYS COLLAB 11, 33/34 DISNEY MICKEY DOVE";;;B2CL11Z33;"0,";"0,";"0,";"0,";"0,";"0,";
"BOYS COLLAB 9, 31/32 DISNEY MICKEY BLACK";;;B2CL09Z31;"0,";"0,";"0,";"0,";"0,";"0,";
"BOYS COLLAB 9, 33/34 DISNEY MICKEY BLACK";;;B2CL09Z33;"0,";"0,";"0,";"0,";"0,";"0,";
"BOYS ONYX 3, 37, NAVY GREY";;;B1ON03Z37;"0,";"0,";"0,";"0,";"1,";"1,";
"BOYS TOY STORY 1, 29/30, BROWN";;;B2TS01Z30;"0,";"0,";"0,";"0,";"0,";"0,";
"BOYS TOY STORY 1, 31/32, BROWN";;;B2TS01Z32;"0,";"0,";"0,";"0,";"0,";"0,";
"BOYS TOY STORY 1, 33/34, BROWN";;;B2TS01Z34;"0,";"0,";"0,";"0,";"0,";"0,";
"BOYS TOY STORY 2, 29/30, BLUE";;;B2TS02Z30;"0,";"0,";"0,";"0,";"0,";"0,";
"BOYS TOY STORY 2, 31/32, BLUE";;;B2TS02Z32;"0,";"0,";"0,";"0,";"0,";"0,";
"BOYS TOY STORY 2, 33/34, BLUE";;;B2TS02Z34;"0,";"0,";"0,";"0,";"0,";"0,";
"GIRL COLLAB 5, 27/28 DISNEY MINNIE CANDY PINK";;;G2CL05Z27;"0,";"0,";"0,";"0,";"0,";"0,";
"GIRL COLLAB 5, 29/30 DISNEY MINNIE CANDY PINK";;;G2CL05Z29;"0,";"0,";"0,";"0,";"0,";"0,";
"GIRL COLLAB 6, 27/28 DISNEY MINNIE BEEN";;;G2CL06Z27;"0,";"0,";"0,";"0,";"0,";"0,";
"GIRL COLLAB 6, 29/30 DISNEY MINNIE BEEN";;;G2CL06Z29;"0,";"0,";"0,";"0,";"0,";"0,";
"GIRL COLLAB 6, 31/32 DISNEY MINNIE BEEN";;;G2CL06Z31;"0,";"0,";"0,";"0,";"0,";"0,";
"GIRL COLLAB 7, 27/28 DISNEY MINNIE CREAM";;;G2CL07Z27;"0,";"0,";"0,";"0,";"0,";"0,";
"GIRL COLLAB 7, 29/30 DISNEY MINNIE CREAM";;;G2CL07Z29;"0,";"0,";"0,";"0,";"0,";"0,";
"GIRL COLLAB 7, 31/32 DISNEY MINNIE CREAM";;;G2CL07Z31;"0,";"0,";"0,";"0,";"0,";"0,";
"GIRLS CLASSIC 1, 27/28, NAVY";;;G2CA01Z27;"24,";"0,";"0,";"0,";"0,";"24,";
"GIRLS CLASSIC 1, 29/30, NAVY";;;G2CA01Z29;"40,";"0,";"0,";"0,";"0,";"40,";
"GIRLS CLASSIC 1, 31/32, NAVY";;;G2CA01Z31;"32,";"0,";"0,";"0,";"0,";"32,";
"GIRLS CLASSIC 2, 27/28, CANDY PINK";;;G2CA02Z27;"33,";"0,";"0,";"0,";"0,";"33,";
"GIRLS CLASSIC 2, 29/30, CANDY PINK";;;G2CA02Z29;"55,";"0,";"0,";"0,";"0,";"55,";
;;;G2CAV302Z30;"0,";"0,";"0,";"0,";"0,";"0,";
"GIRLS CLASSIC 2, 31/32, CANDY PINK";;;G2CA02Z31;"44,";"0,";"0,";"0,";"0,";"44,";
;;;G2CAV302Z32;"0,";"0,";"0,";"0,";"0,";"0,";
"GIRLS CLASSIC 2, 33/34, CANDY PINK";;;G2CAV302Z34;"0,";"0,";"0,";"0,";"0,";"0,";
"GIRLS CLASSIC 3, 27/28, HAZELNUT";;;G2CA03Z27;"60,";"0,";"0,";"0,";"0,";"60,";
"GIRLS CLASSIC 3, 29/30, HAZELNUT";;;G2CA03Z29;"100,";"0,";"0,";"0,";"0,";"100,";
"GIRLS CLASSIC 3, 31/32, HAZELNUT";;;G2CA03Z31;"80,";"0,";"0,";"0,";"0,";"80,";
"JUNIOR CLASSIC 1, 35, BLACK";;;J1CA01Z35;"0,";"0,";"0,";"0,";"0,";"0,";
;;;J1CAV301Z35;"0,";"0,";"0,";"0,";"0,";"0,";
"JUNIOR CLASSIC 1, 36, BLACK";;;J1CA01Z36;"0,";"0,";"0,";"0,";"0,";"0,";
;;;J1CAV301Z36;"0,";"0,";"0,";"0,";"0,";"0,";
"JUNIOR CLASSIC 1, 37, BLACK";;;J1CA01Z37;"0,";"0,";"0,";"0,";"0,";"0,";
;;;J1CAV301Z37;"0,";"0,";"0,";"0,";"0,";"0,";
"JUNIOR CLASSIC 1, 38, BLACK";;;J1CA01Z38;"0,";"0,";"0,";"0,";"0,";"0,";
;;;J1CAV301Z38;"0,";"0,";"0,";"0,";"0,";"0,";
"JUNIOR CLASSIC 2, 35, GREY";;;J1CA02Z35;"0,";"0,";"0,";"0,";"0,";"0,";
"JUNIOR CLASSIC 2, 36, GREY";;;J1CA02Z36;"0,";"0,";"0,";"0,";"0,";"0,";
"JUNIOR CLASSIC 2, 37, GREY";;;J1CA02Z37;"0,";"0,";"0,";"0,";"0,";"0,";
"JUNIOR CLASSIC 2, 38, GREY";;;J1CA02Z38;"0,";"0,";"0,";"0,";"0,";"0,";
"JUNIOR CLASSIC 3, 35, NAVY";;;J1CA03Z35;"0,";"0,";"0,";"0,";"0,";"0,";
;;;J1CAV303Z35;"0,";"0,";"0,";"0,";"0,";"0,";
"JUNIOR CLASSIC 3, 36, NAVY";;;J1CA03Z36;"0,";"0,";"0,";"0,";"0,";"0,";
;;;J1CAV303Z36;"0,";"0,";"0,";"0,";"0,";"0,";
"JUNIOR CLASSIC 3, 37, NAVY";;;J1CA03Z37;"0,";"0,";"0,";"0,";"0,";"0,";
;;;J1CAV303Z37;"0,";"0,";"0,";"0,";"0,";"0,";
"JUNIOR CLASSIC 3, 38, NAVY";;;J1CA03Z38;"0,";"0,";"0,";"0,";"0,";"0,";
;;;J1CAV303Z38;"0,";"0,";"0,";"0,";"0,";"0,";
"JUNIOR CLASSIC 4, 35, ARMY";;;J1CA04Z35;"6,";"0,";"0,";"0,";"0,";"6,";
"JUNIOR CLASSIC 4, 36, ARMY";;;J1CA04Z36;"12,";"0,";"0,";"0,";"0,";"12,";
"JUNIOR CLASSIC 4, 37, ARMY";;;J1CA04Z37;"9,";"0,";"0,";"0,";"0,";"9,";
"JUNIOR CLASSIC 4, 38, ARMY";;;J1CA04Z38;"9,";"0,";"0,";"0,";"0,";"9,";
"LADIES CLASSIC  METALIC 1, 36, BLACK0GOLD";;;L1CMV101Z36;"0,";"0,";"0,";"0,";"0,";"0,";
"LADIES CLASSIC  METALIC 1, 37, BLACK0GOLD";;;L1CM01Z37;"0,";"0,";"0,";"0,";"0,";"0,";
;;;L1CMV101Z37;"0,";"0,";"0,";"0,";"0,";"0,";
"LADIES CLASSIC  METALIC 1, 38, BLACK0GOLD";;;L1CMV101Z38;"0,";"0,";"0,";"0,";"0,";"0,";
"LADIES CLASSIC  METALIC 1, 39, BLACK0GOLD";;;L1CM01Z39;"0,";"0,";"0,";"0,";"0,";"0,";
;;;L1CMV101Z39;"0,";"0,";"0,";"0,";"0,";"0,";
"LADIES CLASSIC  METALIC 1, 40, BLACK0GOLD";;;L1CMV101Z40;"0,";"0,";"0,";"0,";"0,";"0,";
"LADIES CLASSIC  METALIC 1, 41, BLACK0GOLD";;;L1CMV101Z41;"0,";"0,";"0,";"0,";"0,";"0,";
"LADIES CLASSIC 1, 36, JET BLACK";;;L1CAV201Z36;"0,";"0,";"0,";"0,";"0,";"0,";
"LADIES CLASSIC 1, 37, JET BLACK";;;L1CAV201Z37;"0,";"0,";"0,";"0,";"0,";"0,";
"LADIES CLASSIC 1, 38, JET BLACK";;;L1CAV201Z38;"0,";"0,";"0,";"0,";"0,";"0,";
"LADIES CLASSIC 1, 39, JET BLACK";;;L1CAV201Z39;"0,";"0,";"0,";"0,";"0,";"0,";
"LADIES CLASSIC 1, 40, JET BLACK";;;L1CAV201Z40;"0,";"0,";"0,";"0,";"0,";"0,";
"LADIES CLASSIC 1, 41, JET BLACK";;;L1CAV201Z41;"0,";"0,";"0,";"0,";"0,";"0,";
"LADIES CLASSIC 22, 36, NAVY NAVY";;;L1CA22Z36;"0,";"0,";"0,";"0,";"0,";"0,";
;;;L1CAV122Z36;"0,";"0,";"0,";"0,";"0,";"0,";
;;;L1CAV222Z36;"0,";"0,";"0,";"0,";"0,";"0,";
"LADIES CLASSIC 22, 37, NAVY NAVY";;;L1CA22Z37;"0,";"0,";"0,";"0,";"0,";"0,";
;;;L1CAV122Z37;"0,";"0,";"0,";"0,";"0,";"0,";
;;;L1CAV222Z37;"0,";"0,";"0,";"0,";"0,";"0,";
"LADIES CLASSIC 22, 38, NAVY NAVY";;;L1CA22Z38;"0,";"0,";"0,";"0,";"0,";"0,";
;;;L1CAV122Z38;"0,";"0,";"0,";"0,";"0,";"0,";
;;;L1CAV222Z38;"0,";"0,";"0,";"0,";"0,";"0,";
"LADIES CLASSIC 22, 39, NAVY NAVY";;;L1CA22Z39;"0,";"0,";"0,";"0,";"0,";"0,";
;;;L1CAV122Z39;"0,";"0,";"0,";"0,";"0,";"0,";
;;;L1CAV222Z39;"0,";"0,";"0,";"0,";"0,";"0,";
"LADIES CLASSIC 22, 40, NAVY NAVY";;;L1CA22Z40;"0,";"0,";"0,";"0,";"0,";"0,";
;;;L1CAV122Z40;"0,";"0,";"0,";"0,";"0,";"0,";
;;;L1CAV222Z40;"0,";"0,";"0,";"0,";"0,";"0,";
"LADIES CLASSIC 22, 41, NAVY NAVY";;;L1CA22Z41;"0,";"0,";"0,";"0,";"0,";"0,";
;;;L1CAV122Z41;"0,";"0,";"0,";"0,";"0,";"0,";
;;;L1CAV222Z41;"0,";"0,";"0,";"0,";"0,";"0,";
"LADIES CLASSIC 23, 36, NAVY GREY";;;L1CA23Z36;"0,";"0,";"0,";"0,";"0,";"0,";
;;;L1CAV223Z36;"0,";"0,";"0,";"0,";"0,";"0,";
"LADIES CLASSIC 23, 37, NAVY GREY";;;L1CA23Z37;"0,";"0,";"0,";"0,";"0,";"0,";
;;;L1CAV223Z37;"0,";"0,";"0,";"0,";"0,";"0,";
"LADIES CLASSIC 23, 38, NAVY GREY";;;L1CA23Z38;"0,";"0,";"0,";"0,";"0,";"0,";
;;;L1CAV223Z38;"0,";"0,";"0,";"0,";"0,";"0,";
"LADIES CLASSIC 23, 39, NAVY GREY";;;L1CA23Z39;"0,";"0,";"0,";"0,";"0,";"0,";
;;;L1CAV223Z39;"0,";"0,";"0,";"0,";"0,";"0,";
"LADIES CLASSIC 23, 40, NAVY GREY";;;L1CA23Z40;"0,";"0,";"0,";"0,";"0,";"0,";
;;;L1CAV223Z40;"0,";"0,";"0,";"0,";"0,";"0,";
"LADIES CLASSIC 23, 41, NAVY GREY";;;L1CA23Z41;"0,";"0,";"0,";"0,";"0,";"0,";
;;;L1CAV223Z41;"0,";"0,";"0,";"0,";"0,";"0,";
"LADIES CLASSIC 26, 36, LIGHT GREY";;;L1CA26Z36;"0,";"0,";"0,";"0,";"0,";"0,";
"LADIES CLASSIC 26, 37, LIGHT GREY";;;L1CA26Z37;"0,";"0,";"0,";"0,";"0,";"0,";
"LADIES CLASSIC 26, 38, LIGHT GREY";;;L1CA26Z38;"0,";"0,";"0,";"0,";"0,";"0,";
"LADIES CLASSIC 26, 39, LIGHT GREY";;;L1CA26Z39;"0,";"0,";"0,";"0,";"0,";"0,";
"LADIES CLASSIC 26, 40, LIGHT GREY";;;L1CA26Z40;"0,";"0,";"0,";"0,";"0,";"0,";
"LADIES CLASSIC 26, 41, LIGHT GREY";;;L1CA26Z41;"0,";"0,";"0,";"0,";"0,";"0,";
"LADIES CLASSIC 29 36, NAVY HOTPINK";;;L1CA29Z36;"0,";"0,";"0,";"0,";"0,";"0,";
"LADIES CLASSIC 29 37, NAVY HOTPINK";;;L1CA29Z37;"0,";"0,";"0,";"0,";"0,";"0,";
"LADIES CLASSIC 29 38, NAVY HOTPINK";;;L1CA29Z38;"0,";"0,";"0,";"0,";"0,";"0,";
"LADIES CLASSIC 29 39, NAVY HOTPINK";;;L1CA29Z39;"0,";"0,";"0,";"0,";"0,";"0,";
"LADIES CLASSIC 29 40, NAVY HOTPINK";;;L1CA29Z40;"0,";"0,";"0,";"0,";"0,";"0,";
"LADIES CLASSIC 29 41, NAVY HOTPINK";;;L1CA29Z41;"0,";"0,";"0,";"0,";"0,";"0,";
"LADIES CLASSIC 29, 36, NAVY HOTPINK";;;L1CAV229Z36;"0,";"0,";"0,";"0,";"0,";"0,";
"LADIES CLASSIC 29, 37, NAVY HOTPINK";;;L1CAV229Z37;"0,";"0,";"0,";"0,";"0,";"0,";
"LADIES CLASSIC 29, 38, NAVY HOTPINK";;;L1CAV229Z38;"0,";"0,";"0,";"0,";"0,";"0,";
"LADIES CLASSIC 29, 39, NAVY HOTPINK";;;L1CAV229Z39;"0,";"0,";"0,";"0,";"0,";"0,";
"LADIES CLASSIC 29, 40, NAVY HOTPINK";;;L1CAV229Z40;"0,";"0,";"0,";"0,";"0,";"0,";
"LADIES CLASSIC 29, 41, NAVY HOTPINK";;;L1CAV229Z41;"0,";"0,";"0,";"0,";"0,";"0,";
"LADIES CLASSIC 38, 36, SAGE";;;L1CA38Z36;"0,";"0,";"0,";"0,";"0,";"0,";
"LADIES CLASSIC 38, 37, SAGE";;;L1CA38Z37;"0,";"0,";"0,";"0,";"0,";"0,";
"LADIES CLASSIC 38, 38, SAGE";;;L1CA38Z38;"0,";"0,";"0,";"0,";"0,";"0,";
"LADIES CLASSIC 38, 39, SAGE";;;L1CA38Z39;"0,";"0,";"0,";"0,";"0,";"0,";
"LADIES CLASSIC 38, 40, SAGE";;;L1CA38Z40;"0,";"0,";"0,";"0,";"0,";"0,";
"LADIES CLASSIC METALIC 1, 36, BLACK GOLD";;;L1CMV201Z36;"0,";"0,";"0,";"0,";"0,";"0,";
"LADIES CLASSIC METALIC 1, 36, BLACK0GOLD";;;L1CM01Z36;"0,";"0,";"0,";"0,";"0,";"0,";
"LADIES CLASSIC METALIC 1, 37, BLACK GOLD";;;L1CMV201Z37;"0,";"0,";"0,";"0,";"0,";"0,";
"LADIES CLASSIC METALIC 1, 38, BLACK GOLD";;;L1CMV201Z38;"0,";"0,";"0,";"0,";"0,";"0,";
"LADIES CLASSIC METALIC 1, 38, BLACK0GOLD";;;L1CM01Z38;"0,";"0,";"0,";"0,";"0,";"0,";
"LADIES CLASSIC METALIC 1, 39, BLACK GOLD";;;L1CMV201Z39;"0,";"0,";"0,";"0,";"0,";"0,";
"LADIES CLASSIC METALIC 1, 40, BLACK GOLD";;;L1CMV201Z40;"0,";"0,";"0,";"0,";"0,";"0,";
"LADIES CLASSIC METALIC 1, 40, BLACK0GOLD";;;L1CM01Z40;"0,";"0,";"0,";"0,";"0,";"0,";
"LADIES CLASSIC METALIC 1, 41, BLACK GOLD";;;L1CMV201Z41;"0,";"0,";"0,";"0,";"0,";"0,";
"LADIES CLASSIC METALIC 1, 41, BLACK0GOLD";;;L1CM01Z41;"0,";"0,";"0,";"0,";"0,";"0,";
"LADIES CLASSIC METALIC 2, 36, BLEACH SAND";;;L1CM02Z36;"0,";"0,";"0,";"0,";"0,";"0,";
;;;L1CMV102Z36;"7,";"0,";"0,";"0,";"0,";"7,";
"LADIES CLASSIC METALIC 2, 37, BLEACH SAND";;;L1CM02Z37;"0,";"0,";"0,";"0,";"0,";"0,";
;;;L1CMV102Z37;"7,";"0,";"0,";"0,";"0,";"7,";
"LADIES CLASSIC METALIC 2, 38, BLEACH SAND";;;L1CM02Z38;"0,";"0,";"0,";"0,";"0,";"0,";
;;;L1CMV102Z38;"21,";"0,";"0,";"0,";"0,";"21,";
"LADIES CLASSIC METALIC 2, 39, BLEACH SAND";;;L1CM02Z39;"0,";"0,";"0,";"0,";"0,";"0,";
;;;L1CMV102Z39;"28,";"0,";"0,";"0,";"0,";"28,";
"LADIES CLASSIC METALIC 2, 40, BLEACH SAND";;;L1CM02Z40;"0,";"0,";"0,";"0,";"0,";"0,";
;;;L1CMV102Z40;"14,";"0,";"0,";"0,";"0,";"14,";
"LADIES CLASSIC METALIC 2, 41, BLEACH SAND";;;L1CM02Z41;"0,";"0,";"0,";"0,";"0,";"0,";
;;;L1CMV102Z41;"7,";"0,";"0,";"0,";"0,";"7,";
"LADIES CLASSIC METALIC 3, 36, BALLET ROSE";;;L1CM03Z36;"0,";"0,";"0,";"0,";"0,";"0,";
"LADIES CLASSIC METALIC 3, 37, BALLET ROSE";;;L1CM03Z37;"0,";"0,";"0,";"0,";"0,";"0,";
"LADIES CLASSIC METALIC 3, 38, BALLET ROSE";;;L1CM03Z38;"0,";"0,";"0,";"0,";"0,";"0,";
"LADIES CLASSIC METALIC 3, 39, BALLET ROSE";;;L1CM03Z39;"0,";"0,";"0,";"0,";"0,";"0,";
"LADIES CLASSIC METALIC 3, 40, BALLET ROSE";;;L1CM03Z40;"0,";"0,";"0,";"0,";"0,";"0,";
"LADIES CLASSIC METALIC 3, 41, BALLET ROSE";;;L1CM03Z41;"0,";"0,";"0,";"0,";"0,";"0,";
"LADIES CLASSIC METALIC 4, 36, GINGER SNAP";;;L1CM04Z36;"0,";"0,";"0,";"0,";"0,";"0,";
;;;L1CMV104Z36;"0,";"0,";"0,";"0,";"0,";"0,";
"LADIES CLASSIC METALIC 4, 37, GINGER SNAP";;;L1CM04Z37;"0,";"0,";"0,";"0,";"0,";"0,";
;;;L1CMV104Z37;"0,";"0,";"0,";"0,";"0,";"0,";
"LADIES CLASSIC METALIC 4, 38, GINGER SNAP";;;L1CM04Z38;"0,";"0,";"0,";"0,";"0,";"0,";
;;;L1CMV104Z38;"0,";"0,";"0,";"0,";"0,";"0,";
"LADIES CLASSIC METALIC 4, 39, GINGER SNAP";;;L1CM04Z39;"0,";"0,";"0,";"0,";"0,";"0,";
;;;L1CMV104Z39;"0,";"0,";"0,";"0,";"0,";"0,";
"LADIES CLASSIC METALIC 4, 40, GINGER SNAP";;;L1CM04Z40;"0,";"0,";"0,";"0,";"0,";"0,";
;;;L1CMV104Z40;"0,";"0,";"0,";"0,";"0,";"0,";
"LADIES CLASSIC METALIC 4, 41, GINGER SNAP";;;L1CM04Z41;"0,";"0,";"0,";"0,";"0,";"0,";
;;;L1CMV104Z41;"0,";"0,";"0,";"0,";"0,";"0,";
"LADIES ELSA 10, 36, SILVER NAVY";;;L1EAV210Z36;"0,";"0,";"0,";"0,";"0,";"0,";
"LADIES ELSA 10, 37, SILVER NAVY";;;L1EAV210Z37;"0,";"0,";"0,";"0,";"0,";"0,";
"LADIES ELSA 10, 38, SILVER NAVY";;;L1EAV210Z38;"0,";"0,";"0,";"0,";"0,";"0,";
"LADIES ELSA 10, 39, SILVER NAVY";;;L1EAV210Z39;"0,";"0,";"0,";"0,";"0,";"0,";
"LADIES ELSA 10, 40, SILVER NAVY";;;L1EAV210Z40;"0,";"0,";"0,";"0,";"0,";"0,";
"LADIES ELSA 12, 36, BROWINE GOLD";;;L1EAV212Z36;"0,";"0,";"0,";"0,";"0,";"0,";
"LADIES ELSA 12, 37, BROWINE GOLD";;;L1EAV212Z37;"0,";"0,";"0,";"0,";"0,";"0,";
"LADIES ELSA 12, 38, BROWINE GOLD";;;L1EAV212Z38;"0,";"0,";"0,";"0,";"0,";"0,";
"LADIES ELSA 12, 39, BROWINE GOLD";;;L1EAV212Z39;"0,";"0,";"0,";"0,";"0,";"0,";
"LADIES ELSA 12, 40, BROWINE GOLD";;;L1EAV212Z40;"0,";"0,";"0,";"0,";"0,";"0,";
"LADIES ELSA 6, 36, JET BLACK";;;L1EA06Z36;"0,";"0,";"0,";"0,";"0,";"0,";
;;;L1EAV206Z36;"0,";"0,";"0,";"0,";"0,";"0,";
"LADIES ELSA 6, 37, JET BLACK";;;L1EA06Z37;"0,";"0,";"0,";"0,";"0,";"0,";
;;;L1EAV206Z37;"0,";"0,";"0,";"0,";"0,";"0,";
"LADIES ELSA 6, 38, JET BLACK";;;L1EA06Z38;"0,";"0,";"0,";"0,";"0,";"0,";
;;;L1EAV206Z38;"0,";"0,";"0,";"0,";"0,";"0,";
"LADIES ELSA 6, 39, JET BLACK";;;L1EA06Z39;"0,";"0,";"0,";"0,";"0,";"0,";
;;;L1EAV206Z39;"0,";"0,";"0,";"0,";"0,";"0,";
"LADIES ELSA 6, 40, JET BLACK";;;L1EA06Z40;"0,";"0,";"0,";"0,";"0,";"0,";
;;;L1EAV206Z40;"0,";"0,";"0,";"0,";"0,";"0,";
"LADIES FLO 3, 37, LIGHT BROWN";;;L1FL03Z37;"0,";"0,";"0,";"0,";"0,";"0,";
;;;L1FLV103Z37;"0,";"0,";"0,";"0,";"1,";"1,";
"LADIES FLO 3, 39, LIGHT BROWN";;;L1FL03Z39;"0,";"0,";"0,";"0,";"1,";"1,";
;;;L1FLO03Z39;"0,";"0,";"0,";"0,";"0,";"0,";
;;;L1FLV103Z39;"0,";"0,";"0,";"0,";"0,";"0,";
"LADIES FLO 5, 39, WHITE";;;L1FL05Z39;"0,";"0,";"0,";"0,";"1,";"1,";
"LADIES WEDGES 3, 36, NAVY";;;L1WG03Z36;"0,";"0,";"0,";"0,";"0,";"0,";
"LADIES WEDGES 3, 37, NAVY";;;L1WG03Z37;"0,";"0,";"0,";"0,";"0,";"0,";
"LADIES WEDGES 3, 38, NAVY";;;L1WG03Z38;"0,";"0,";"0,";"0,";"0,";"0,";
"LADIES WEDGES 3, 39, NAVY";;;L1WG03Z39;"0,";"0,";"0,";"0,";"0,";"0,";
"LADIES WEDGES 3, 40, NAVY";;;L1WG03Z40;"0,";"0,";"0,";"0,";"0,";"0,";
"LADIES WEDGES 4, 36, GINGER SNAP";;;L1WG04Z36;"0,";"0,";"0,";"0,";"0,";"0,";
"LADIES WEDGES 4, 37, GINGER SNAP";;;L1WG04Z37;"0,";"0,";"0,";"0,";"0,";"0,";
"LADIES WEDGES 4, 38, GINGER SNAP";;;L1WG04Z38;"0,";"0,";"0,";"0,";"0,";"0,";
"LADIES WEDGES 4, 39, GINGER SNAP";;;L1WG04Z39;"0,";"0,";"0,";"0,";"0,";"0,";
"LADIES WEDGES 4, 40, GINGER SNAP";;;L1WG04Z40;"0,";"0,";"0,";"0,";"0,";"0,";
"MEN BLACK SERIES 3, 39, COSMIC GREY";;;M1BL03Z39;"0,";"0,";"0,";"0,";"0,";"0,";
;;;M1BLV203Z39;"0,";"0,";"0,";"0,";"0,";"0,";
"MEN BLACK SERIES 3, 40, COSMIC GREY";;;M1BL03Z40;"0,";"0,";"0,";"0,";"0,";"0,";
;;;M1BLV203Z40;"0,";"0,";"0,";"0,";"0,";"0,";
"MEN BLACK SERIES 3, 41, COSMIC GREY";;;M1BL03Z41;"0,";"0,";"0,";"0,";"0,";"0,";
;;;M1BLV203Z41;"0,";"0,";"0,";"0,";"0,";"0,";
"MEN BLACK SERIES 3, 42, COSMIC GREY";;;M1BL03Z42;"0,";"0,";"0,";"0,";"0,";"0,";
;;;M1BLV203Z42;"0,";"0,";"0,";"0,";"0,";"0,";
"MEN BLACK SERIES 3, 43, COSMIC GREY";;;M1BL03Z43;"0,";"0,";"0,";"0,";"0,";"0,";
;;;M1BLV203Z43;"0,";"0,";"0,";"0,";"0,";"0,";
"MEN BLACK SERIES 3, 44, COSMIC GREY";;;M1BL03Z44;"0,";"0,";"0,";"0,";"0,";"0,";
;;;M1BLV203Z44;"0,";"0,";"0,";"0,";"0,";"0,";
"MEN BLACK SERIES 4, 39, LIGHT OLIVE";;;M1BL04Z39;"0,";"0,";"0,";"0,";"0,";"0,";
"MEN BLACK SERIES 4, 40, LIGHT OLIVE";;;M1BL04Z40;"0,";"0,";"0,";"0,";"0,";"0,";
"MEN BLACK SERIES 4, 41, LIGHT OLIVE";;;M1BL04Z41;"0,";"0,";"0,";"0,";"0,";"0,";
"MEN BLACK SERIES 4, 42, LIGHT OLIVE";;;M1BL04Z42;"0,";"0,";"0,";"0,";"0,";"0,";
"MEN BLACK SERIES 4, 43, LIGHT OLIVE";;;M1BL04Z43;"0,";"0,";"0,";"0,";"0,";"0,";
"MEN BLACK SERIES 4, 44, LIGHT OLIVE";;;M1BL04Z44;"0,";"0,";"0,";"0,";"0,";"0,";
"MEN BLACK SERIES 5, 39, PEANUT";;;M1BL05Z39;"0,";"0,";"0,";"0,";"0,";"0,";
;;;M1BLV205Z39;"0,";"0,";"0,";"0,";"0,";"0,";
"MEN BLACK SERIES 5, 40, PEANUT";;;M1BL05Z40;"0,";"0,";"0,";"0,";"0,";"0,";
;;;M1BLV205Z40;"0,";"0,";"0,";"0,";"0,";"0,";
"MEN BLACK SERIES 5, 41, PEANUT";;;M1BL05Z41;"0,";"0,";"0,";"0,";"0,";"0,";
;;;M1BLV205Z41;"0,";"0,";"0,";"0,";"0,";"0,";
"MEN BLACK SERIES 5, 42, PEANUT";;;M1BL05Z42;"0,";"0,";"0,";"0,";"0,";"0,";
;;;M1BLV205Z42;"0,";"0,";"0,";"0,";"0,";"0,";
"MEN BLACK SERIES 5, 43, PEANUT";;;M1BL05Z43;"0,";"0,";"0,";"0,";"0,";"0,";
;;;M1BLV205Z43;"0,";"0,";"0,";"0,";"0,";"0,";
"MEN BLACK SERIES 5, 44, PEANUT";;;M1BL05Z44;"0,";"0,";"0,";"0,";"0,";"0,";
;;;M1BLV205Z44;"0,";"0,";"0,";"0,";"0,";"0,";
"MEN BLACK SERIES 6, 39, STONE BLUE";;;M1BL06Z39;"0,";"0,";"0,";"0,";"0,";"0,";
;;;M1BLV206Z39;"0,";"0,";"0,";"0,";"0,";"0,";
"MEN BLACK SERIES 6, 40, STONE BLUE";;;M1BL06Z40;"0,";"0,";"0,";"0,";"0,";"0,";
;;;M1BLV206Z40;"0,";"0,";"0,";"0,";"0,";"0,";
"MEN BLACK SERIES 6, 41, STONE BLUE";;;M1BL06Z41;"0,";"0,";"0,";"0,";"0,";"0,";
;;;M1BLV206Z41;"0,";"0,";"0,";"0,";"0,";"0,";
"MEN BLACK SERIES 6, 42, STONE BLUE";;;M1BL06Z42;"0,";"0,";"0,";"0,";"0,";"0,";
;;;M1BLV206Z42;"0,";"0,";"0,";"0,";"0,";"0,";
"MEN BLACK SERIES 6, 43, STONE BLUE";;;M1BL06Z43;"0,";"0,";"0,";"0,";"0,";"0,";
;;;M1BLV206Z43;"0,";"0,";"0,";"0,";"0,";"0,";
"MEN BLACK SERIES 6, 44, STONE BLUE";;;M1BL06Z44;"0,";"0,";"0,";"0,";"0,";"0,";
;;;M1BLV206Z44;"0,";"0,";"0,";"0,";"0,";"0,";
"MEN BLACK SERIES 9, 39, ARMY";;;M1BLV209Z39;"0,";"0,";"0,";"0,";"0,";"0,";
"MEN BLACK SERIES 9, 40, ARMY";;;M1BLV209Z40;"0,";"0,";"0,";"0,";"0,";"0,";
"MEN BLACK SERIES 9, 41, ARMY";;;M1BLV209Z41;"0,";"0,";"0,";"0,";"0,";"0,";
"MEN BLACK SERIES 9, 42, ARMY";;;M1BLV209Z42;"0,";"0,";"0,";"0,";"0,";"0,";
"MEN BLACK SERIES 9, 43, ARMY";;;M1BLV209Z43;"0,";"0,";"0,";"0,";"0,";"0,";
"MEN BLACK SERIES 9, 44, ARMY";;;M1BLV209Z44;"0,";"0,";"0,";"0,";"0,";"0,";
"MEN CLASSIC 1, 39, JET BLACK";;;M1CA01Z39;"0,";"0,";"0,";"0,";"0,";"0,";
;;;M1CAV101Z39;"0,";"0,";"0,";"0,";"0,";"0,";
;;;M1CAV201Z39;"0,";"0,";"0,";"0,";"0,";"0,";
"MEN CLASSIC 1, 40, JET BLACK";;;M1CA01Z40;"0,";"0,";"0,";"0,";"0,";"0,";
;;;M1CAV101Z40;"0,";"0,";"0,";"0,";"0,";"0,";
;;;M1CAV201Z40;"0,";"0,";"0,";"0,";"0,";"0,";
"MEN CLASSIC 1, 41, JET BLACK";;;M1CA01Z41;"0,";"0,";"0,";"0,";"0,";"0,";
;;;M1CAV101Z41;"0,";"0,";"0,";"0,";"0,";"0,";
;;;M1CAV201Z41;"0,";"0,";"0,";"0,";"0,";"0,";
"MEN CLASSIC 1, 42, JET BLACK";;;M1CA01Z42;"0,";"0,";"0,";"0,";"0,";"0,";
;;;M1CAV101Z42;"0,";"0,";"0,";"0,";"0,";"0,";
;;;M1CAV201Z42;"0,";"0,";"0,";"0,";"0,";"0,";
"MEN CLASSIC 1, 43, JET BLACK";;;M1CA01Z43;"0,";"0,";"0,";"0,";"0,";"0,";
;;;M1CAV101Z43;"0,";"0,";"0,";"0,";"0,";"0,";
;;;M1CAV201Z43;"0,";"0,";"0,";"0,";"0,";"0,";
"MEN CLASSIC 1, 44, JET BLACK";;;M1CA01Z44;"0,";"0,";"0,";"0,";"0,";"0,";
;;;M1CAV101Z44;"0,";"0,";"0,";"0,";"0,";"0,";
;;;M1CAV201Z44;"0,";"0,";"0,";"0,";"0,";"0,";
"MEN CLASSIC 23, 39, NAVY BLACK";;;M1CAV123Z39;"0,";"0,";"0,";"0,";"0,";"0,";
;;;M1CAV223Z39;"0,";"0,";"0,";"0,";"0,";"0,";
"MEN CLASSIC 23, 40, NAVY BLACK";;;M1CAV123Z40;"0,";"0,";"0,";"0,";"0,";"0,";
;;;M1CAV223Z40;"0,";"0,";"0,";"0,";"0,";"0,";
"MEN CLASSIC 23, 41, NAVY BLACK";;;M1CAV123Z41;"0,";"0,";"0,";"0,";"0,";"0,";
;;;M1CAV223Z41;"0,";"0,";"0,";"0,";"0,";"0,";
"MEN CLASSIC 23, 42, NAVY BLACK";;;M1CAV123Z42;"0,";"0,";"0,";"0,";"0,";"0,";
;;;M1CAV223Z42;"0,";"0,";"0,";"0,";"0,";"0,";
"MEN CLASSIC 23, 43, NAVY BLACK";;;M1CAV123Z43;"0,";"0,";"0,";"0,";"0,";"0,";
;;;M1CAV223Z43;"0,";"0,";"0,";"0,";"0,";"0,";
"MEN CLASSIC 23, 44, NAVY BLACK";;;M1CAV123Z44;"0,";"0,";"0,";"0,";"0,";"0,";
;;;M1CAV223Z44;"0,";"0,";"0,";"0,";"0,";"0,";
"MEN CLASSIC 24, 39, NAVY GREY";;;M1CA24Z39;"0,";"0,";"0,";"0,";"0,";"0,";
;;;M1CAV224Z39;"0,";"0,";"0,";"0,";"0,";"0,";
"MEN CLASSIC 24, 40, NAVY GREY";;;M1CA24Z40;"0,";"0,";"0,";"0,";"0,";"0,";
;;;M1CAV224Z40;"0,";"0,";"0,";"0,";"0,";"0,";
"MEN CLASSIC 24, 41, NAVY GREY";;;M1CA24Z41;"0,";"0,";"0,";"0,";"0,";"0,";
;;;M1CAV224Z41;"0,";"0,";"0,";"0,";"0,";"0,";
"MEN CLASSIC 24, 42, NAVY GREY";;;M1CA24Z42;"0,";"0,";"0,";"0,";"0,";"0,";
;;;M1CAV224Z42;"0,";"0,";"0,";"0,";"0,";"0,";
"MEN CLASSIC 24, 43, NAVY GREY";;;M1CA24Z43;"0,";"0,";"0,";"0,";"0,";"0,";
;;;M1CAV224Z43;"0,";"0,";"0,";"0,";"0,";"0,";
"MEN CLASSIC 24, 44, NAVY GREY";;;M1CA24Z44;"0,";"0,";"0,";"0,";"0,";"0,";
;;;M1CAV224Z44;"0,";"0,";"0,";"0,";"0,";"0,";
"MEN CLASSIC 27, 39, GREY GREY";;;M1CA27Z39;"0,";"0,";"0,";"0,";"0,";"0,";
"MEN CLASSIC 27, 40, GREY GREY";;;M1CA27Z40;"0,";"0,";"0,";"0,";"0,";"0,";
"MEN CLASSIC 27, 41, GREY GREY";;;M1CA27Z41;"0,";"0,";"0,";"0,";"0,";"0,";
"MEN CLASSIC 27, 42, GREY GREY";;;M1CA27Z42;"0,";"0,";"0,";"0,";"0,";"0,";
"MEN CLASSIC 27, 43, GREY GREY";;;M1CA27Z43;"0,";"0,";"0,";"0,";"0,";"0,";
"MEN CLASSIC 27, 44, GREY GREY";;;M1CA27Z44;"0,";"0,";"0,";"0,";"0,";"0,";
"MEN CLASSIC 31, 39, BLACK TURQUOISE";;;M1CA31Z39;"0,";"0,";"0,";"0,";"0,";"0,";
"MEN CLASSIC 31, 40, BLACK TURQUOISE";;;M1CA31Z40;"0,";"0,";"0,";"0,";"0,";"0,";
"MEN CLASSIC 31, 41, BLACK TURQUOISE";;;M1CA31Z41;"0,";"0,";"0,";"0,";"0,";"0,";
"MEN CLASSIC 31, 42, BLACK TURQUOISE";;;M1CA31Z42;"0,";"0,";"0,";"0,";"0,";"0,";
"MEN CLASSIC 31, 43, BLACK TURQUOISE";;;M1CA31Z43;"0,";"0,";"0,";"0,";"0,";"0,";
"MEN CLASSIC 31, 44, BLACK TURQUOISE";;;M1CA31Z44;"0,";"0,";"0,";"0,";"0,";"0,";
"MEN DALLAS 1, 41, JET BLACK";;;M1DLV101Z41;"0,";"0,";"0,";"0,";"1,";"1,";
"MEN DALLAS 6, 41, ARMY";;;M1DL06Z41;"0,";"0,";"0,";"0,";"1,";"1,";
"MEN ONYX 3, 40, NAVY NAVY";;;M1ON03Z40;"0,";"0,";"0,";"0,";"1,";"1,";
"MEN ONYX 3, 41, NAVY NAVY";;;M1AZ41ON3;"0,";"0,";"0,";"0,";"1,";"1,";
;;;M1ON03Z41;"0,";"0,";"0,";"0,";"0,";"0,";
"MEN ONYX 3, 42, NAVY NAVY";;;M1ON03Z42;"0,";"0,";"0,";"0,";"1,";"1,";
"MEN STRIPE 1, 39, BLACK BLUE RED";;;M1SP01Z39;"0,";"0,";"0,";"0,";"0,";"0,";
;;;M1SPV101Z39;"0,";"0,";"0,";"0,";"0,";"0,";
;;;M1SPV201Z39;"0,";"0,";"0,";"0,";"0,";"0,";
"MEN STRIPE 1, 40, BLACK BLUE RED";;;M1SP01Z40;"0,";"0,";"0,";"0,";"0,";"0,";
;;;M1SPV101Z40;"0,";"0,";"0,";"0,";"0,";"0,";
;;;M1SPV201Z40;"0,";"0,";"0,";"0,";"0,";"0,";
"MEN STRIPE 1, 41, BLACK BLUE RED";;;M1SP01Z41;"0,";"0,";"0,";"0,";"0,";"0,";
;;;M1SPV101Z41;"0,";"0,";"0,";"0,";"0,";"0,";
;;;M1SPV201Z41;"0,";"0,";"0,";"0,";"0,";"0,";
"MEN STRIPE 1, 42, BLACK BLUE RED";;;M1SP01Z42;"0,";"0,";"0,";"0,";"0,";"0,";
;;;M1SPV101Z42;"0,";"0,";"0,";"0,";"0,";"0,";
;;;M1SPV201Z42;"0,";"0,";"0,";"0,";"0,";"0,";
"MEN STRIPE 1, 43, BLACK BLUE RED";;;M1SP01Z43;"0,";"0,";"0,";"0,";"0,";"0,";
;;;M1SPV101Z43;"0,";"0,";"0,";"0,";"0,";"0,";
;;;M1SPV201Z43;"0,";"0,";"0,";"0,";"0,";"0,";
"MEN STRIPE 1, 44, BLACK BLUE RED";;;M1SP01Z44;"0,";"0,";"0,";"0,";"0,";"0,";
;;;M1SPV101Z44;"0,";"0,";"0,";"0,";"0,";"0,";
;;;M1SPV201Z44;"0,";"0,";"0,";"0,";"0,";"0,";
"MEN STRIPE 10, 39, ALMOND BLACK";;;M1SP10Z39;"0,";"0,";"0,";"0,";"0,";"0,";
;;;M1SPV110Z39;"0,";"0,";"0,";"0,";"0,";"0,";
;;;M1SPV210Z39;"0,";"0,";"0,";"0,";"0,";"0,";
"MEN STRIPE 10, 40, ALMOND BLACK";;;M1SP10Z40;"0,";"0,";"0,";"0,";"0,";"0,";
;;;M1SPV110Z40;"0,";"0,";"0,";"0,";"0,";"0,";
;;;M1SPV210Z40;"0,";"0,";"0,";"0,";"0,";"0,";
"MEN STRIPE 10, 41, ALMOND BLACK";;;M1SP10Z41;"0,";"0,";"0,";"0,";"0,";"0,";
;;;M1SPV110Z41;"0,";"0,";"0,";"0,";"0,";"0,";
;;;M1SPV210Z41;"0,";"0,";"0,";"0,";"0,";"0,";
"MEN STRIPE 10, 42, ALMOND BLACK";;;M1SP10Z42;"0,";"0,";"0,";"0,";"0,";"0,";
;;;M1SPV110Z42;"0,";"0,";"0,";"0,";"0,";"0,";
;;;M1SPV210Z42;"0,";"0,";"0,";"0,";"0,";"0,";
"MEN STRIPE 10, 43, ALMOND BLACK";;;M1SP10Z43;"0,";"0,";"0,";"0,";"0,";"0,";
;;;M1SPV110Z43;"0,";"0,";"0,";"0,";"0,";"0,";
;;;M1SPV210Z43;"0,";"0,";"0,";"0,";"0,";"0,";
"MEN STRIPE 10, 44, ALMOND BLACK";;;M1SP10Z44;"0,";"0,";"0,";"0,";"0,";"0,";
;;;M1SPV110Z44;"0,";"0,";"0,";"0,";"0,";"0,";
;;;M1SPV210Z44;"0,";"0,";"0,";"0,";"0,";"0,";
"MEN STRIPE 11, 39, GRAY LIME";;;M1SPV111Z39;"0,";"0,";"0,";"0,";"0,";"0,";
;;;M1SPV211Z39;"0,";"0,";"0,";"0,";"0,";"0,";
"MEN STRIPE 11, 40, GRAY LIME";;;M1SPV111Z40;"0,";"0,";"0,";"0,";"0,";"0,";
;;;M1SPV211Z40;"0,";"0,";"0,";"0,";"0,";"0,";
"MEN STRIPE 11, 41, GRAY LIME";;;M1SPV111Z41;"0,";"0,";"0,";"0,";"0,";"0,";
;;;M1SPV211Z41;"0,";"0,";"0,";"0,";"0,";"0,";
"MEN STRIPE 11, 42, GRAY LIME";;;M1SPV111Z42;"0,";"0,";"0,";"0,";"0,";"0,";
;;;M1SPV211Z42;"0,";"0,";"0,";"0,";"0,";"0,";
"MEN STRIPE 11, 43, GRAY LIME";;;M1SPV111Z43;"0,";"0,";"0,";"0,";"0,";"0,";
;;;M1SPV211Z43;"0,";"0,";"0,";"0,";"0,";"0,";
"MEN STRIPE 11, 44, GRAY LIME";;;M1SPV111Z44;"0,";"0,";"0,";"0,";"0,";"0,";
;;;M1SPV211Z44;"0,";"0,";"0,";"0,";"0,";"0,";
"MEN STRIPE 13, 39, GREY GREEN WHITE";;;M1SP13Z39;"0,";"0,";"0,";"0,";"0,";"0,";
;;;M1SPV213Z39;"0,";"0,";"0,";"0,";"0,";"0,";
"MEN STRIPE 13, 40, GREY GREEN WHITE";;;M1SP13Z40;"0,";"0,";"0,";"0,";"0,";"0,";
;;;M1SPV213Z40;"0,";"0,";"0,";"0,";"0,";"0,";
"MEN STRIPE 13, 41, GREY GREEN WHITE";;;M1SP13Z41;"0,";"0,";"0,";"0,";"0,";"0,";
;;;M1SPV213Z41;"0,";"0,";"0,";"0,";"0,";"0,";
"MEN STRIPE 13, 42, GREY GREEN WHITE";;;M1SP13Z42;"0,";"0,";"0,";"0,";"0,";"0,";
;;;M1SPV213Z42;"0,";"0,";"0,";"0,";"0,";"0,";
"MEN STRIPE 13, 43, GREY GREEN WHITE";;;M1SP13Z43;"0,";"0,";"0,";"0,";"0,";"0,";
;;;M1SPV213Z43;"0,";"0,";"0,";"0,";"0,";"0,";
"MEN STRIPE 13, 44, GREY GREEN WHITE";;;M1SP13Z44;"0,";"0,";"0,";"0,";"0,";"0,";
;;;M1SPV213Z44;"0,";"0,";"0,";"0,";"0,";"0,";
"MEN STRIPE 2, 39, TWILIGHT ORANGE GREEN";;;M1SPV102Z39;"0,";"0,";"0,";"0,";"0,";"0,";
;;;M1SPV202Z39;"0,";"0,";"0,";"0,";"0,";"0,";
"MEN STRIPE 2, 40, TWILIGHT ORANGE GREEN";;;M1SPV102Z40;"0,";"0,";"0,";"0,";"0,";"0,";
;;;M1SPV202Z40;"0,";"0,";"0,";"0,";"0,";"0,";
"MEN STRIPE 2, 41, TWILIGHT ORANGE GREEN";;;M1SPV102Z41;"0,";"0,";"0,";"0,";"0,";"0,";
;;;M1SPV202Z41;"0,";"0,";"0,";"0,";"0,";"0,";
"MEN STRIPE 2, 42, TWILIGHT ORANGE GREEN";;;M1SPV102Z42;"0,";"0,";"0,";"0,";"0,";"0,";
;;;M1SPV202Z42;"0,";"0,";"0,";"0,";"0,";"0,";
"MEN STRIPE 2, 43, TWILIGHT ORANGE GREEN";;;M1SPV102Z43;"0,";"0,";"0,";"0,";"0,";"0,";
;;;M1SPV202Z43;"0,";"0,";"0,";"0,";"0,";"0,";
"MEN STRIPE 2, 44, TWILIGHT ORANGE GREEN";;;M1SPV102Z44;"0,";"0,";"0,";"0,";"0,";"0,";
;;;M1SPV202Z44;"0,";"0,";"0,";"0,";"0,";"0,";
"MEN STRIPE 7, 39, BLACK TAN WHITE";;;M1SP07Z39;"0,";"0,";"0,";"0,";"0,";"0,";
;;;M1SPV107Z39;"0,";"0,";"0,";"0,";"0,";"0,";
;;;M1SPV207Z39;"0,";"0,";"0,";"0,";"0,";"0,";
"MEN STRIPE 7, 40, BLACK TAN WHITE";;;M1SP07Z40;"0,";"0,";"0,";"0,";"0,";"0,";
;;;M1SPV107Z40;"0,";"0,";"0,";"0,";"0,";"0,";
;;;M1SPV207Z40;"0,";"0,";"0,";"0,";"0,";"0,";
"MEN STRIPE 7, 41, BLACK TAN WHITE";;;M1SP07Z41;"0,";"0,";"0,";"0,";"0,";"0,";
;;;M1SPV107Z41;"0,";"0,";"0,";"0,";"0,";"0,";
;;;M1SPV207Z41;"0,";"0,";"0,";"0,";"0,";"0,";
"MEN STRIPE 7, 42, BLACK TAN WHITE";;;M1SP07Z42;"0,";"0,";"0,";"0,";"0,";"0,";
;;;M1SPV107Z42;"0,";"0,";"0,";"0,";"0,";"0,";
;;;M1SPV207Z42;"0,";"0,";"0,";"0,";"0,";"0,";
"MEN STRIPE 7, 43, BLACK TAN WHITE";;;M1SP07Z43;"0,";"0,";"0,";"0,";"0,";"0,";
;;;M1SPV107Z43;"0,";"0,";"0,";"0,";"0,";"0,";
;;;M1SPV207Z43;"0,";"0,";"0,";"0,";"0,";"0,";
"MEN STRIPE 7, 44, BLACK TAN WHITE";;;M1SP07Z44;"0,";"0,";"0,";"0,";"0,";"0,";
;;;M1SPV107Z44;"0,";"0,";"0,";"0,";"0,";"0,";
;;;M1SPV207Z44;"0,";"0,";"0,";"0,";"0,";"0,";
"MEN STRIPE 8, 39, TWILIGHT RED WHITE";;;M1SP08Z39;"0,";"0,";"0,";"0,";"0,";"0,";
;;;M1SPV108Z39;"0,";"0,";"0,";"0,";"0,";"0,";
;;;M1SPV208Z39;"0,";"0,";"0,";"0,";"0,";"0,";
"MEN STRIPE 8, 40, TWILIGHT RED WHITE";;;M1SP08Z40;"0,";"0,";"0,";"0,";"0,";"0,";
;;;M1SPV108Z40;"0,";"0,";"0,";"0,";"0,";"0,";
;;;M1SPV208Z40;"0,";"0,";"0,";"0,";"0,";"0,";
"MEN STRIPE 8, 41, TWILIGHT RED WHITE";;;M1SP08Z41;"0,";"0,";"0,";"0,";"0,";"0,";
;;;M1SPV108Z41;"0,";"0,";"0,";"0,";"0,";"0,";
;;;M1SPV208Z41;"0,";"0,";"0,";"0,";"0,";"0,";
"MEN STRIPE 8, 42, TWILIGHT RED WHITE";;;M1SP08Z42;"0,";"0,";"0,";"0,";"0,";"0,";
;;;M1SPV108Z42;"0,";"0,";"0,";"0,";"0,";"0,";
;;;M1SPV208Z42;"0,";"0,";"0,";"0,";"0,";"0,";
"MEN STRIPE 8, 43, TWILIGHT RED WHITE";;;M1SP08Z43;"0,";"0,";"0,";"0,";"0,";"0,";
;;;M1SPV108Z43;"0,";"0,";"0,";"0,";"0,";"0,";
;;;M1SPV208Z43;"0,";"0,";"0,";"0,";"0,";"0,";
"MEN STRIPE 8, 44, TWILIGHT RED WHITE";;;M1SP08Z44;"0,";"0,";"0,";"0,";"0,";"0,";
;;;M1SPV108Z44;"0,";"0,";"0,";"0,";"0,";"0,";
;;;M1SPV208Z44;"0,";"0,";"0,";"0,";"0,";"0,";
"MEN X ZUMA BU, 39/40, MEN ZUMA X BU BLACK";;;SJ1A03BU;"0,";"0,";"0,";"0,";"1,";"1,";
"MEN X ZUMA BU, 43/44, MEN ZUMA X BU BLACK";;;SJ1A05BU;"0,";"0,";"0,";"0,";"2,";"2,";
Total Nama Barang;;;;"1.164,";"0,";"0,";"0,";"52,";"1.216,";
